{"cameraMode":{"drawMode":0,"name":"Shaded","section":"Shading Mode"},"sceneLighting":true,"audioPlay":false,"sceneViewState":{"m_AlwaysRefresh":false,"showFog":true,"showSkybox":true,"showFlares":true,"showImageEffects":true,"showParticleSystems":true,"showVisualEffectGraphs":true,"m_FxEnabled":true},"in2DMode":false,"pivot":{"x":0.7956281304359436,"y":0.9677251577377319,"z":-0.9794753789901733},"rotation":{"x":0.00009323083213530481,"y":0.9986116290092468,"z":-0.05278557166457176,"w":0.0017986125312745572},"size":5.605139255523682,"orthographic":false}