{"cameraMode":{"drawMode":0,"name":"Shaded","section":"Shading Mode"},"sceneLighting":false,"audioPlay":false,"sceneViewState":{"m_AlwaysRefresh":false,"showFog":false,"showSkybox":false,"showFlares":false,"showImageEffects":false,"showParticleSystems":false,"showVisualEffectGraphs":true,"m_FxEnabled":true},"in2DMode":false,"pivot":{"x":0.23019810020923615,"y":0.09063196182250977,"z":0.2736797332763672},"rotation":{"x":0.001690613804385066,"y":0.9947836995124817,"z":-0.10062479972839356,"w":0.016714636236429216},"size":3.2707409858703615,"orthographic":false}